Player,Tm,FantPos,Age,G,GS,Cmp,Att,Yds,TD,Int,Att,Yds,Y/A,TD,Tgt,Rec,Yds,Y/R,TD,Fmb,FL,TD
Christian McCaffrey*+,SFO,RB,27,16,16,0,0,0,0,0,272,1459,5.36,14,83,67,564,8.42,7,3,2,21
CeeDee Lamb*+,DAL,WR,24,17,17,0,0,0,0,0,14,113,8.07,2,181,135,1749,12.96,12,3,2,14
Josh Allen,BUF,QB,27,17,17,385,579,4306,29,18,111,524,4.72,15,0,0,0,,0,7,4,15
Tyreek Hill*+,MIA,WR,29,16,16,0,0,0,0,0,6,15,2.5,0,171,119,1799,15.12,13,1,1,13
Jalen Hurts*,PHI,QB,25,17,17,352,538,3858,23,15,157,605,3.85,15,0,0,0,,0,9,5,15
Raheem Mostert*,MIA,RB,31,15,15,0,0,0,0,0,209,1012,4.84,18,32,25,175,7,3,4,1,21
Amon-Ra St. Brown*+,DET,WR,24,16,16,0,0,0,0,0,4,24,6,0,164,119,1515,12.73,10,1,1,10
Dak Prescott*,DAL,QB,30,17,17,410,590,4516,36,9,55,242,4.4,2,0,0,0,,0,4,2,2
Mike Evans*,TAM,WR,30,17,17,0,0,0,0,0,0,0,,0,136,79,1255,15.89,13,0,0,13
Lamar Jackson*+,BAL,QB,26,16,16,307,457,3678,24,7,148,821,5.55,5,0,0,0,,0,11,6,5
Sam LaPorta*,DET,TE,22,17,14,0,0,0,0,0,1,4,4,0,120,86,889,10.34,10,0,0,10
Travis Etienne,JAX,RB,24,17,17,0,0,0,0,0,267,1008,3.78,11,73,58,476,8.21,1,0,0,12
Kyren Williams*,LAR,RB,23,12,11,0,0,0,0,0,228,1144,5.02,12,48,32,206,6.44,3,3,2,15
Puka Nacua*,LAR,WR,22,17,17,0,0,0,0,0,12,89,7.42,0,160,105,1486,14.15,6,1,0,6
D.J. Moore,CHI,WR,26,17,17,0,0,0,0,0,4,21,5.25,1,136,96,1364,14.21,8,1,1,9
Derrick Henry*,TEN,RB,29,17,17,2,3,14,2,0,280,1167,4.17,12,36,28,214,7.64,0,0,0,12
Joe Mixon,CIN,RB,27,17,17,0,0,0,0,0,257,1034,4.02,9,64,52,376,7.23,3,0,0,12
Jordan Love,GNB,QB,25,17,17,372,579,4159,32,11,50,247,4.94,4,0,0,0,,0,9,3,4
Breece Hall,NYJ,RB,22,17,16,0,0,0,0,0,223,994,4.46,5,95,76,591,7.78,4,2,0,9
A.J. Brown*,PHI,WR,26,17,17,0,0,0,0,0,0,0,,0,158,106,1456,13.74,7,2,2,7
Deebo Samuel,SFO,WR,27,15,15,0,1,0,0,0,37,225,6.08,5,89,60,892,14.87,7,1,0,12
George Kittle*+,SFO,TE,30,16,16,0,0,0,0,0,1,2,2,0,90,65,1020,15.69,6,0,0,6
Nico Collins,HOU,WR,24,15,10,0,0,0,0,0,1,7,7,0,109,80,1297,16.21,8,1,0,8
Rachaad White,TAM,RB,24,17,17,0,0,0,0,0,272,990,3.64,6,70,64,549,8.58,3,3,2,9
Brandon Aiyuk,SFO,WR,25,16,16,0,0,0,0,0,0,0,,0,105,75,1342,17.89,7,1,1,7
Travis Kelce*,KAN,TE,34,15,15,0,0,0,0,0,0,0,,0,121,93,984,10.58,5,1,1,5
Keenan Allen*,LAC,WR,31,13,13,1,2,49,1,0,2,6,3,0,150,108,1243,11.51,7,2,1,7
T.J. Hockenson,MIN,TE,26,15,11,0,0,0,0,0,0,0,,0,127,95,960,10.11,5,1,1,5
Stefon Diggs*,BUF,WR,30,17,17,0,0,0,0,0,1,5,5,0,160,107,1183,11.06,8,2,1,8
David Njoku*,CLE,TE,27,16,16,0,0,0,0,0,0,0,,0,123,81,882,10.89,6,2,2,6
Brock Purdy*,SFO,QB,24,16,16,308,444,4280,31,11,39,144,3.69,2,0,0,0,,0,6,2,2
David Montgomery,DET,RB,26,14,14,0,0,0,0,0,219,1015,4.63,13,24,16,117,7.31,0,2,1,13
Ja'Marr Chase*,CIN,WR,23,16,16,1,1,-7,0,0,3,-6,-2,0,145,100,1216,12.16,7,1,0,7
Davante Adams,LVR,WR,31,17,17,0,0,0,0,0,0,0,,0,175,103,1144,11.11,8,0,0,8
Jahmyr Gibbs*,DET,RB,21,15,3,0,0,0,0,0,182,945,5.19,10,71,52,316,6.08,1,2,1,11
Evan Engram*,JAX,TE,29,17,15,0,0,0,0,0,0,0,,0,143,114,963,8.45,4,3,2,4
James Cook*,BUF,RB,24,17,13,0,0,0,0,0,237,1122,4.73,2,54,44,445,10.11,4,4,2,6
Bijan Robinson,ATL,RB,21,17,16,0,0,0,0,0,214,976,4.56,4,86,58,487,8.4,4,4,3,8
D.K. Metcalf*,SEA,WR,26,16,16,0,0,0,0,0,0,0,,0,119,66,1114,16.88,8,0,0,8
Jared Goff,DET,QB,29,17,17,407,605,4575,30,12,32,21,0.66,2,0,0,0,,0,6,4,2
Taysom Hill,NOR,TE,33,16,7,6,11,83,1,0,81,401,4.95,4,40,33,291,8.82,2,1,1,6
Amari Cooper*,CLE,WR,29,15,15,0,0,0,0,0,0,0,,0,128,72,1250,17.36,5,2,1,5
Saquon Barkley,NYG,RB,26,14,14,0,0,0,0,0,247,962,3.89,6,60,41,280,6.83,4,2,2,10
Calvin Ridley,JAX,WR,29,17,17,0,0,0,0,0,9,23,2.56,0,136,76,1016,13.37,8,1,0,8
Jayden Reed,GNB,WR,23,16,13,0,0,0,0,0,11,119,10.82,2,94,64,793,12.39,8,2,0,10
Cole Kmet,CHI,TE,24,17,17,0,0,0,0,0,3,2,0.67,0,90,73,719,9.85,6,1,0,6
Jordan Addison,MIN,WR,21,17,14,0,0,0,0,0,1,2,2,0,108,70,911,13.01,10,0,0,10
Jake Ferguson*,DAL,TE,24,17,16,0,0,0,0,0,0,0,,0,102,71,761,10.72,5,0,0,5
DeAndre Hopkins,TEN,WR,31,17,16,0,1,0,0,0,2,9,4.5,0,137,75,1057,14.09,7,0,0,7
Patrick Mahomes*,KAN,QB,28,16,16,401,597,4183,27,14,75,389,5.19,0,0,0,0,,0,5,3,0
Jakobi Meyers,LVR,WR,27,16,16,2,3,12,1,0,4,24,6,2,106,71,807,11.37,8,0,0,10
James Conner,ARI,RB,28,13,13,0,0,0,0,0,208,1040,5,7,33,27,165,6.11,2,0,0,9
Gus Edwards,BAL,RB,28,17,9,0,0,0,0,0,198,810,4.09,13,13,12,180,15,0,3,2,13
DeVonta Smith,PHI,WR,25,16,16,0,0,0,0,0,0,0,,0,112,81,1066,13.16,7,1,1,7
George Pickens,PIT,WR,22,17,16,0,0,0,0,0,3,18,6,0,106,63,1140,18.1,5,3,0,5
Trey McBride,ARI,TE,24,17,12,0,0,0,0,0,0,0,,0,106,81,825,10.19,3,1,0,3
Chris Olave,NOR,WR,23,16,11,0,0,0,0,0,0,0,,0,138,87,1123,12.91,5,0,0,5
C.J. Stroud*,HOU,QB,22,15,15,319,499,4108,23,5,39,167,4.28,3,1,1,0,0,0,8,4,3
Kenneth Walker III,SEA,RB,23,15,15,0,0,0,0,0,219,905,4.13,8,37,29,259,8.93,1,1,0,9
Baker Mayfield*,TAM,QB,28,17,17,364,566,4044,28,10,62,163,2.63,1,0,0,0,,0,8,3,1
Isiah Pacheco,KAN,RB,24,14,13,0,0,0,0,0,205,935,4.56,7,49,44,244,5.55,2,1,1,9
Michael Pittman Jr.,IND,WR,26,16,15,0,0,0,0,0,0,0,,0,156,109,1152,10.57,4,2,1,4
Tony Pollard,DAL,RB,26,17,17,0,0,0,0,0,252,1005,3.99,6,67,55,311,5.65,0,3,1,6
Jerome Ford,CLE,RB,24,17,12,0,0,0,0,0,204,813,3.99,4,63,44,319,7.25,5,1,1,9
Najee Harris,PIT,RB,25,17,17,0,0,0,0,0,255,1035,4.06,8,38,29,170,5.86,0,2,1,8
Tua Tagovailoa*,MIA,QB,25,17,17,388,560,4624,29,14,35,74,2.11,0,0,0,0,,0,13,5,0
Dalton Schultz,HOU,TE,27,15,8,0,0,0,0,0,0,0,,0,88,59,635,10.76,5,1,1,5
Mark Andrews,BAL,TE,28,10,9,0,0,0,0,0,1,0,0,0,61,45,544,12.09,6,1,0,6
De'Von Achane,MIA,RB,22,11,4,0,0,0,0,0,103,800,7.77,8,37,27,197,7.3,3,1,1,11
Justin Jefferson,MIN,WR,24,10,9,0,1,0,0,0,1,-12,-12,0,100,68,1074,15.79,5,1,1,5
Brian Robinson Jr.,WAS,RB,24,15,15,0,0,0,0,0,178,733,4.12,5,43,36,368,10.22,4,4,2,9
Rashee Rice,KAN,WR,23,16,8,0,0,0,0,0,1,-3,-3,0,102,79,938,11.87,7,2,1,7
D'Andre Swift*,PHI,RB,24,16,15,0,0,0,0,0,229,1049,4.58,5,49,39,214,5.49,1,3,1,6
Courtland Sutton,DEN,WR,28,16,14,0,0,0,0,0,0,0,,0,90,59,772,13.08,10,3,3,10
Terry McLaurin,WAS,WR,28,17,17,0,0,0,0,0,0,0,,0,132,79,1002,12.68,4,0,0,5
Trevor Lawrence,JAX,QB,24,16,16,370,564,4016,21,14,70,339,4.84,4,0,0,0,,0,12,7,4
Sam Howell,WAS,QB,23,17,17,388,612,3946,21,21,48,263,5.48,5,1,1,4,4,0,4,2,5
Russell Wilson,DEN,QB,35,15,15,297,447,3070,26,8,80,341,4.26,3,0,0,0,,0,10,5,3
Matthew Stafford*,LAR,QB,35,15,15,326,521,3965,24,11,21,65,3.1,0,0,0,0,,0,0,0,0
Derek Carr,NOR,QB,32,17,17,375,548,3878,25,8,32,40,1.25,0,0,0,0,,0,7,3,0
Justin Herbert,LAC,QB,25,13,13,297,456,3134,20,7,52,228,4.38,3,1,1,10,10,0,4,1,3
Justin Fields,CHI,QB,24,13,13,227,370,2562,16,9,124,657,5.3,4,0,0,0,,0,10,4,4
Geno Smith*,SEA,QB,33,15,15,323,499,3624,20,9,37,155,4.19,1,1,1,-2,-2,0,5,3,1
Joshua Dobbs,2TM,QB,28,13,12,262,417,2464,13,10,77,421,5.47,6,0,0,0,,0,14,7,6
Gardner Minshew II*,IND,QB,27,17,13,305,490,3305,15,9,34,100,2.94,3,0,0,0,,0,8,5,3
Desmond Ridder,ATL,QB,24,15,13,249,388,2836,12,12,53,193,3.64,5,1,1,-6,-6,0,12,7,5
Alvin Kamara,NOR,RB,28,13,12,0,0,0,0,0,180,694,3.86,5,86,75,466,6.21,1,0,0,6
Bryce Young,CAR,QB,22,16,16,315,527,2877,11,10,39,253,6.49,0,0,0,0,,0,11,6,0
Kirk Cousins,MIN,QB,35,8,8,216,311,2331,18,5,14,25,1.79,0,0,0,0,,0,7,4,0
Joe Burrow,CIN,QB,27,10,10,244,365,2309,15,6,31,88,2.84,0,0,0,0,,0,2,1,0
Kyler Murray,ARI,QB,26,8,8,176,268,1799,10,5,44,244,5.55,3,0,0,0,,0,7,0,3
Chuba Hubbard,CAR,RB,24,17,12,0,0,0,0,0,238,902,3.79,5,44,39,233,5.97,0,1,0,5
Josh Jacobs,LVR,RB,25,13,13,0,0,0,0,0,233,805,3.45,6,54,37,296,8,0,3,1,6
Jake Browning,CIN,QB,27,9,7,171,243,1936,12,7,27,127,4.7,3,1,1,-7,-7,0,3,0,3
Zack Moss,IND,RB,26,14,8,0,0,0,0,0,183,794,4.34,5,37,27,192,7.11,2,0,0,7
Devin Singletary,HOU,RB,26,17,10,1,1,6,1,0,216,898,4.16,4,38,30,193,6.43,0,1,0,4
Jonathan Taylor,IND,RB,24,10,7,0,0,0,0,0,169,741,4.38,7,23,19,153,8.05,1,1,0,8
Jaylen Warren,PIT,RB,25,17,0,0,0,0,0,0,149,784,5.26,4,74,61,370,6.07,0,4,2,4
Austin Ekeler,LAC,RB,28,14,14,0,0,0,0,0,179,628,3.51,5,74,51,436,8.55,1,5,4,6
Javonte Williams,DEN,RB,23,16,13,0,0,0,0,0,217,774,3.57,3,58,47,228,4.85,2,1,1,5
Zay Flowers,BAL,WR,23,16,16,0,0,0,0,0,8,56,7,1,108,77,858,11.14,5,0,0,6
Adam Thielen,CAR,WR,33,17,17,0,0,0,0,0,1,6,6,0,137,103,1014,9.84,4,2,0,4
Jaylen Waddle,MIA,WR,25,14,14,0,0,0,0,0,3,12,4,0,104,72,1014,14.08,4,0,0,4
Chris Godwin,TAM,WR,27,17,17,0,1,0,0,0,4,38,9.5,1,130,83,1024,12.34,2,0,0,3
Aidan O'Connell,LVR,QB,25,11,10,213,343,2218,12,7,17,11,0.65,1,0,0,0,,0,4,2,1
Ezekiel Elliott,NWE,RB,28,17,5,0,0,0,0,0,184,642,3.49,3,65,51,313,6.14,2,2,1,5
Tyler Lockett,SEA,WR,31,17,17,0,0,0,0,0,0,0,,0,122,79,894,11.32,5,0,0,5
Tyler Allgeier,ATL,RB,23,17,3,0,0,0,0,0,186,683,3.67,4,23,18,193,10.72,1,0,0,5
Zach Wilson,NYJ,QB,24,12,11,221,368,2271,8,7,36,211,5.86,0,0,0,0,,0,11,7,0
Brandin Cooks,DAL,WR,30,16,15,0,0,0,0,0,5,35,7,0,81,54,657,12.17,8,1,0,8
Tank Dell,HOU,WR,24,11,8,0,0,0,0,0,11,51,4.64,0,75,47,709,15.09,7,1,0,7
Garrett Wilson,NYJ,WR,23,17,17,0,1,0,0,0,4,0,0,0,168,95,1042,10.97,3,2,2,3
Gabriel Davis,BUF,WR,24,17,17,0,0,0,0,0,1,-2,-2,0,81,45,746,16.58,7,1,1,7
Romeo Doubs,GNB,WR,23,17,16,0,0,0,0,0,0,0,,0,96,59,674,11.42,8,1,0,8
Kenny Pickett,PIT,QB,25,12,12,201,324,2070,6,4,42,54,1.29,1,0,0,0,,0,2,0,1
Rashid Shaheed*+,NOR,WR,25,15,8,0,0,0,0,0,7,37,5.29,0,75,46,719,15.63,5,1,1,6
Rhamondre Stevenson,NWE,RB,25,12,12,0,0,0,0,0,156,619,3.97,4,51,38,238,6.26,0,1,1,4
Mac Jones,NWE,QB,25,11,11,224,345,2120,10,12,26,96,3.69,0,0,0,0,,0,3,2,0
Aaron Jones,GNB,RB,29,11,11,0,0,0,0,0,142,656,4.62,2,43,30,233,7.77,1,2,1,3
Cooper Kupp,LAR,WR,30,12,12,0,0,0,0,0,1,-3,-3,0,95,59,737,12.49,5,0,0,5
Drake London,ATL,WR,22,16,16,1,1,22,0,0,0,0,,0,110,69,905,13.12,2,0,0,2
Kareem Hunt,CLE,RB,28,15,2,0,0,0,0,0,135,411,3.04,9,21,15,84,5.6,0,0,0,9
Alexander Mattison,MIN,RB,25,16,13,0,0,0,0,0,180,700,3.89,0,44,30,192,6.4,3,3,2,3
Diontae Johnson,PIT,WR,27,13,11,0,0,0,0,0,0,0,,0,87,51,717,14.06,5,1,0,5
Will Levis,TEN,QB,24,9,9,149,255,1808,8,4,25,57,2.28,1,0,0,0,,0,7,4,1
Tyjae Spears,TEN,RB,22,17,1,0,0,0,0,0,100,453,4.53,2,70,52,385,7.4,1,1,0,3
Joe Flacco,CLE,QB,38,5,5,123,204,1616,13,8,9,2,0.22,0,0,0,0,,0,4,1,0
Darius Slayton,NYG,WR,26,17,13,0,0,0,0,0,0,0,,0,79,50,770,15.4,4,0,0,4
AJ Dillon,GNB,RB,25,15,6,0,0,0,0,0,178,613,3.44,2,28,22,223,10.14,0,0,0,2
Tee Higgins,CIN,WR,24,12,11,0,0,0,0,0,0,0,,0,76,42,656,15.62,5,0,0,5
Curtis Samuel,WAS,WR,27,16,13,0,0,0,0,0,7,39,5.57,1,91,62,613,9.89,4,0,0,5
Tommy DeVito,NYG,QB,25,9,6,114,178,1101,8,3,36,195,5.42,1,0,0,0,,0,2,1,1
Khalil Herbert,CHI,RB,25,12,9,0,0,0,0,0,132,611,4.63,2,31,20,134,6.7,1,1,1,3
Christian Kirk,JAX,WR,27,12,12,1,2,-1,0,0,1,6,6,0,85,57,787,13.81,3,2,2,3
Josh Downs,IND,WR,22,17,9,0,0,0,0,0,0,0,,0,98,68,771,11.34,2,0,0,2
Josh Reynolds,DET,WR,28,17,13,0,0,0,0,0,0,0,,0,64,40,608,15.2,5,1,1,5
Jerry Jeudy,DEN,WR,24,16,11,0,0,0,0,0,0,0,,0,87,54,758,14.04,2,1,0,2
Jaxon Smith-Njigba,SEA,WR,21,17,3,0,0,0,0,0,0,0,,0,93,63,628,9.97,4,0,0,4
Tyrod Taylor,NYG,QB,34,11,5,116,180,1341,5,3,38,197,5.18,0,0,0,0,,0,4,0,0
Deshaun Watson,CLE,QB,28,6,6,105,171,1115,7,4,26,142,5.46,1,0,0,0,,0,5,2,1
Marquise Brown,ARI,WR,26,14,14,0,0,0,0,0,2,23,11.5,0,101,51,574,11.25,4,0,0,4
Kyle Pitts,ATL,TE,23,17,15,0,0,0,0,0,1,-4,-4,0,90,53,667,12.58,3,0,0,3
DJ Chark,CAR,WR,27,15,11,0,0,0,0,0,0,0,,0,66,35,525,15,5,2,1,5
Justice Hill,BAL,RB,26,16,5,0,0,0,0,0,84,387,4.61,3,39,28,206,7.36,1,1,1,4
Dontayvion Wicks,GNB,WR,22,15,6,1,1,14,0,0,1,1,1,0,58,39,581,14.9,4,3,1,4
Ty Chandler,MIN,RB,25,17,4,0,0,0,0,0,102,461,4.52,3,25,21,159,7.57,0,0,0,3
D'Onta Foreman,CHI,RB,27,9,8,0,0,0,0,0,109,425,3.9,4,16,11,77,7,1,1,0,5
Ryan Tannehill,TEN,QB,35,10,8,149,230,1616,4,7,17,74,4.35,1,1,0,0,,0,4,0,1
Antonio Gibson,WAS,RB,25,16,2,0,0,0,0,0,65,265,4.08,1,59,48,389,8.1,2,4,2,3
Tyler Boyd,CIN,WR,29,17,13,0,1,0,0,1,2,11,5.5,0,98,67,667,9.96,2,0,0,2
Hunter Henry,NWE,TE,29,14,10,0,0,0,0,0,0,0,,0,61,42,419,9.98,6,1,0,6
Dallas Goedert,PHI,TE,28,14,14,0,0,0,0,0,1,1,1,0,83,59,592,10.03,3,0,0,3
Dalton Kincaid,BUF,TE,24,16,11,0,0,0,0,0,0,0,,0,91,73,673,9.22,2,1,1,2
Michael Wilson,ARI,WR,23,13,12,0,0,0,0,0,0,0,,0,58,38,565,14.87,3,0,0,3
Jahan Dotson,WAS,WR,23,17,16,0,0,0,0,0,0,0,,0,83,49,518,10.57,4,0,0,4
Rico Dowdle,DAL,RB,25,16,0,0,0,0,0,0,89,361,4.06,2,22,17,144,8.47,2,0,0,4
Jaleel McLaughlin,DEN,RB,23,17,3,0,0,0,0,0,76,410,5.39,1,36,31,160,5.16,2,0,0,3
Khalil Shakir,BUF,WR,23,17,10,0,0,0,0,0,1,10,10,0,45,39,611,15.67,2,1,0,2
Jonnu Smith,ATL,TE,28,17,6,0,1,0,0,0,1,0,0,0,70,50,582,11.64,3,1,1,3
Tutu Atwell,LAR,WR,24,16,14,0,0,0,0,0,5,31,6.2,0,67,39,483,12.38,3,0,0,3
Odell Beckham Jr.,BAL,WR,31,14,6,0,0,0,0,0,0,0,,0,64,35,565,16.14,3,1,1,3
Zach Charbonnet,SEA,RB,22,16,2,0,0,0,0,0,108,462,4.28,1,40,33,209,6.33,0,0,0,1
Elijah Moore,CLE,WR,23,17,12,0,0,0,0,0,9,11,1.22,0,104,59,640,10.85,2,2,2,2
Anthony Richardson,IND,QB,21,4,4,50,84,577,3,1,25,136,5.44,4,0,0,0,,0,3,1,4
Wan'Dale Robinson,NYG,WR,22,15,8,0,0,0,0,0,9,87,9.67,1,78,60,525,8.75,1,0,0,2
Christian Watson,GNB,WR,24,9,9,0,0,0,0,0,4,11,2.75,0,53,28,422,15.07,5,0,0,5
K.J. Osborn,MIN,WR,26,16,12,0,0,0,0,0,0,0,,0,75,48,540,11.25,3,1,0,3
Logan Thomas,WAS,TE,32,16,15,0,0,0,0,0,1,2,2,0,78,55,496,9.02,4,2,2,4
Isaiah Likely,BAL,TE,23,17,8,0,0,0,0,0,0,0,,0,40,30,411,13.7,5,0,0,5
Samaje Perine,DEN,RB,28,17,1,0,0,0,0,0,53,238,4.49,1,56,50,455,9.1,0,3,2,1
Cade Otton,TAM,TE,24,17,17,0,0,0,0,0,0,0,,0,67,47,455,9.68,4,1,1,4
Dameon Pierce,HOU,RB,23,14,7,0,0,0,0,0,145,416,2.87,2,17,13,101,7.77,0,0,0,3
Noah Brown,HOU,WR,27,10,7,0,0,0,0,0,1,-1,-1,0,55,33,567,17.18,2,0,0,2
Josh Palmer,LAC,WR,24,10,6,0,0,0,0,0,1,6,6,0,61,38,581,15.29,2,1,1,2
Bailey Zappe,NWE,QB,24,10,6,127,212,1272,6,9,17,83,4.88,1,0,0,0,,0,2,1,1
Roschon Johnson,CHI,RB,22,15,0,0,0,0,0,0,81,352,4.35,2,40,34,209,6.15,0,1,0,2
Easton Stick,LAC,QB,28,5,4,111,174,1129,3,1,27,144,5.33,1,0,0,0,,0,5,4,1
Kenneth Gainwell,PHI,RB,24,16,2,1,1,17,0,0,84,364,4.33,2,37,30,183,6.1,0,3,1,2
Nick Mullens,MIN,QB,28,5,3,100,148,1306,7,8,10,25,2.5,0,0,0,0,,0,2,0,0
Taylor Heinicke,ATL,QB,30,5,4,74,136,890,5,4,15,124,8.27,1,0,0,0,,0,1,0,1
Latavius Murray,BUF,RB,33,16,4,0,0,0,0,0,79,300,3.8,4,22,17,119,7,0,1,0,4
Rondale Moore,ARI,WR,23,17,8,0,0,0,0,0,28,178,6.36,1,62,40,352,8.8,1,1,0,2
Jimmy Garoppolo,LVR,QB,32,7,6,110,169,1205,7,9,20,39,1.95,0,0,0,0,,0,1,0,0
Kendrick Bourne,NWE,WR,28,8,5,0,0,0,0,0,1,4,4,0,55,37,406,10.97,4,1,1,4
Alec Pierce,IND,WR,23,17,16,0,0,0,0,0,0,0,,0,65,32,514,16.06,2,0,0,2
Nelson Agholor,BAL,WR,30,17,3,0,0,0,0,0,0,0,,0,45,35,381,10.89,4,1,0,4
Tyler Conklin,NYJ,TE,28,17,12,0,0,0,0,0,1,0,0,0,87,61,621,10.18,0,0,0,0
Tyler Higbee,LAR,TE,30,15,15,0,0,0,0,0,0,0,,0,70,47,495,10.53,2,0,0,2
Kalif Raymond,DET,WR,29,17,3,0,0,0,0,0,7,75,10.71,0,44,35,489,13.97,1,1,0,1
Justin Watson,KAN,WR,28,16,8,0,0,0,0,0,0,0,,0,53,27,460,17.04,3,1,1,3
Juwan Johnson,NOR,TE,27,13,11,0,0,0,0,0,0,0,,0,59,37,368,9.95,4,0,0,4
Keaton Mitchell,BAL,RB,21,8,2,0,0,0,0,0,47,396,8.43,2,11,9,93,10.33,0,0,0,2
Demarcus Robinson,LAR,WR,29,16,4,0,0,0,0,0,1,23,23,0,39,26,371,14.27,4,2,1,4
Miles Sanders,CAR,RB,26,16,5,0,0,0,0,0,129,432,3.35,1,41,27,154,5.7,0,2,2,1
Darren Waller,NYG,TE,31,12,11,0,0,0,0,0,0,0,,0,74,52,552,10.62,1,0,0,1
Gerald Everett,LAC,TE,29,15,12,0,0,0,0,0,3,10,3.33,0,70,51,411,8.06,3,3,0,3
Jerick McKinnon,KAN,RB,31,12,0,1,1,4,1,0,21,60,2.86,1,32,25,192,7.68,4,0,0,5
Chigoziem Okonkwo,TEN,TE,24,17,11,0,0,0,0,0,2,6,3,0,77,54,528,9.78,1,0,0,1
Zamir White,LVR,RB,24,17,4,0,0,0,0,0,104,451,4.34,1,19,15,98,6.53,0,1,1,1
Demario Douglas,NWE,WR,23,14,7,0,0,0,0,0,8,41,5.13,0,79,49,561,11.45,0,3,1,0
Daniel Jones,NYG,QB,26,6,6,108,160,909,2,6,40,206,5.15,1,0,0,0,,0,4,1,1
Trey Palmer,TAM,WR,22,17,8,0,0,0,0,0,3,22,7.33,0,68,39,385,9.87,3,3,1,3
Nick Westbrook-Ikhine,TEN,WR,26,14,9,0,0,0,0,0,0,0,,0,45,28,370,13.21,3,0,0,3
Quentin Johnston,LAC,WR,22,17,10,0,0,0,0,0,3,9,3,0,67,38,431,11.34,2,0,0,2
Jameson Williams,DET,WR,22,12,10,0,0,0,0,0,3,29,9.67,1,42,24,354,14.75,2,1,0,3
Michael Gallup,DAL,WR,27,17,13,0,0,0,0,0,0,0,,0,57,34,418,12.29,2,0,0,2
Brandon Johnson,DEN,WR,25,13,2,0,0,0,0,0,0,0,,0,30,19,284,14.95,4,0,0,4
Joshua Kelley,LAC,RB,26,17,3,0,0,0,0,0,107,405,3.79,2,12,8,32,4,0,1,1,2
Tyson Bagent,CHI,QB,23,5,4,94,143,859,3,6,23,109,4.74,2,0,0,0,,0,3,2,2
Clyde Edwards-Helaire,KAN,RB,24,15,3,0,0,0,0,0,70,223,3.19,1,22,17,188,11.06,1,0,0,2
Donald Parham,LAC,TE,26,14,8,0,0,0,0,0,0,0,,0,41,27,285,10.56,4,0,0,4
Tre Tucker,LVR,WR,22,16,1,0,0,0,0,0,10,77,7.7,0,34,19,331,17.42,2,0,0,2
Emari Demercado,ARI,RB,24,14,2,0,0,0,0,0,58,284,4.9,2,30,21,119,5.67,0,0,0,2
Michael Thomas,NOR,WR,30,10,7,0,0,0,0,0,0,0,,0,64,39,448,11.49,1,0,0,1
Marvin Mims*,DEN,WR,21,16,7,0,0,0,0,0,9,30,3.33,0,33,22,377,17.14,1,2,2,2
A.T. Perry,NOR,WR,24,10,3,0,0,0,0,0,0,0,,0,18,12,246,20.5,4,0,0,4
Mitchell Trubisky,PIT,QB,29,5,2,67,107,632,4,5,16,54,3.38,2,0,0,0,,0,1,1,2
Robert Woods,HOU,WR,31,14,11,0,0,0,0,0,1,7,7,0,75,40,426,10.65,1,0,0,1
Tucker Kraft,GNB,TE,23,17,8,0,0,0,0,0,0,0,,0,40,31,355,11.45,2,0,0,2
Darnell Mooney,CHI,WR,26,15,14,0,0,0,0,0,2,5,2.5,0,61,31,414,13.35,1,0,0,1
KaVontae Turpin,DAL,WR,27,16,0,0,0,0,0,0,11,110,10,1,18,12,127,10.58,3,1,0,4
Cedrick Wilson Jr.,MIA,WR,28,15,3,0,0,0,0,0,0,0,,0,38,22,296,13.45,3,0,0,3
Chris Moore,TEN,WR,30,17,5,0,0,0,0,0,2,39,19.5,0,35,22,424,19.27,0,1,0,0
Rashod Bateman,BAL,WR,24,16,12,0,0,0,0,0,1,18,18,0,56,32,367,11.47,1,0,0,1
Royce Freeman,LAR,RB,27,14,0,0,0,0,0,0,77,319,4.14,2,2,1,13,13,0,0,0,2
Pat Freiermuth,PIT,TE,25,12,9,0,0,0,0,0,0,0,,0,47,32,308,9.63,2,0,0,2
Zay Jones,JAX,WR,28,9,7,0,0,0,0,0,0,0,,0,64,34,321,9.44,2,0,0,2
Michael Mayer,LVR,TE,22,14,12,0,0,0,0,0,0,0,,0,40,27,304,11.26,2,0,0,2
Kylen Granson,IND,TE,25,15,7,0,0,0,0,0,1,2,2,0,50,30,368,12.27,1,0,0,1
Noah Gray,KAN,TE,24,17,10,0,0,0,0,0,1,1,1,0,41,28,305,10.89,2,0,0,2
Jamaal Williams,NOR,RB,28,13,4,0,0,0,0,0,106,306,2.89,1,20,18,62,3.44,0,1,0,1
Jordan Mason,SFO,RB,24,17,0,0,0,0,0,0,40,206,5.15,3,4,3,31,10.33,0,0,0,3
Jonathan Mingo,CAR,WR,22,15,14,0,0,0,0,0,0,0,,0,85,43,418,9.72,0,1,0,0
Elijah Mitchell,SFO,RB,25,11,1,0,0,0,0,0,75,281,3.75,2,8,6,14,2.33,0,0,0,2
Greg Dortch,ARI,WR,25,16,4,0,0,0,0,0,1,5,5,0,41,24,280,11.67,2,0,0,2
Noah Fant,SEA,TE,26,17,17,0,0,0,0,0,0,0,,0,43,32,414,12.94,0,0,0,0
Tanner Hudson,CIN,TE,29,12,1,0,0,0,0,0,0,0,,0,50,39,352,9.03,1,0,0,1
Luke Musgrave,GNB,TE,23,11,9,0,0,0,0,0,0,0,,0,46,34,352,10.35,1,0,0,1
Chase Brown,CIN,RB,23,12,0,0,0,0,0,0,44,179,4.07,0,15,14,156,11.14,1,1,0,1
Mason Rudolph,PIT,QB,28,4,3,55,74,719,3,0,10,8,0.8,0,0,0,0,,0,3,1,0
Isaiah Hodgins,NYG,WR,25,17,9,0,0,0,0,0,0,0,,0,33,21,230,10.95,3,1,1,3
DeVante Parker,NWE,WR,30,13,13,0,0,0,0,0,0,0,,0,55,33,394,11.94,0,0,0,0
Jake Bobo,SEA,WR,25,17,0,0,0,0,0,0,1,3,3,1,25,19,196,10.32,2,0,0,3
Xavier Gipson,NYJ,WR,22,17,3,0,0,0,0,0,8,68,8.5,1,38,21,229,10.9,0,5,2,2
Trenton Irwin,CIN,WR,28,16,5,0,0,0,0,0,0,0,,0,32,25,316,12.64,1,2,0,1
Brandon Powell,MIN,WR,28,17,2,0,0,0,0,0,5,17,3.4,0,44,29,324,11.17,1,1,1,1
Pierre Strong,CLE,RB,25,17,1,0,0,0,0,0,63,291,4.62,1,8,5,47,9.4,0,1,1,1
Adam Trautman,DEN,TE,26,17,12,0,0,0,0,0,0,0,,0,35,22,204,9.27,3,0,0,3
Jalin Hyatt,NYG,WR,22,17,7,0,0,0,0,0,0,0,,0,40,23,373,16.22,0,1,0,0
Allen Lazard,NYJ,WR,28,14,12,0,0,0,0,0,0,0,,0,49,23,311,13.52,1,0,0,1
Colby Parkinson,SEA,TE,24,17,1,0,0,0,0,0,0,0,,0,34,25,247,9.88,2,0,0,2
Durham Smythe,MIA,TE,28,16,14,0,0,0,0,0,0,0,,0,43,35,366,10.46,0,0,0,0
Jalen Tolbert,DAL,WR,24,17,6,0,0,0,0,0,0,0,,0,36,22,268,12.18,2,1,1,2
Tommy Tremble,CAR,TE,23,16,8,0,0,0,0,0,0,0,,0,32,23,194,8.43,3,0,0,3
Cam Akers,2TM,RB,24,7,1,0,0,0,0,0,60,167,2.78,2,12,11,70,6.36,0,0,0,2
Mo Alie-Cox,IND,TE,30,17,7,0,0,0,0,0,0,0,,0,22,13,161,12.38,3,0,0,3
Calvin Austin,PIT,WR,24,17,1,0,0,0,0,0,11,57,5.18,1,30,17,180,10.59,1,2,0,2
Mike Gesicki,NWE,TE,28,17,10,0,0,0,0,0,0,0,,0,45,29,244,8.41,2,0,0,2
Andrei Iosivas,CIN,WR,24,16,1,0,0,0,0,0,0,0,,0,25,15,116,7.73,4,0,0,4
Chris Rodriguez,WAS,RB,23,13,0,0,0,0,0,0,51,247,4.84,2,2,2,12,6,0,1,1,2
Marquez Valdes-Scantling,KAN,WR,29,16,10,0,0,0,0,0,0,0,,0,42,21,315,15,1,1,1,1
David Bell,CLE,WR,23,15,3,0,0,0,0,0,0,0,,0,23,14,167,11.93,3,0,0,3
Michael Carter,2TM,RB,24,15,0,0,0,0,0,0,30,187,6.23,0,31,24,101,4.21,1,0,0,1
Darrell Henderson,LAR,RB,26,4,4,0,0,0,0,0,46,112,2.43,2,14,10,103,10.3,0,0,0,2
Lil'Jordan Humphrey,DEN,WR,25,17,8,0,0,0,0,0,0,0,,0,19,13,162,12.46,3,0,0,3
Brevin Jordan,HOU,TE,23,14,6,0,0,0,0,0,0,0,,0,21,17,219,12.88,2,0,0,2
Jauan Jennings,SFO,WR,26,13,2,0,0,0,0,0,0,0,,0,33,19,265,13.95,1,0,0,1
Dawson Knox,BUF,TE,27,12,11,0,0,0,0,0,0,0,,0,36,22,186,8.45,2,0,0,2
Kendre Miller,NOR,RB,21,8,0,0,0,0,0,0,41,156,3.8,1,11,10,117,11.7,0,0,0,1
Skyy Moore,KAN,WR,23,14,8,0,0,0,0,0,3,23,7.67,0,38,21,244,11.62,1,0,0,1
JuJu Smith-Schuster,NWE,WR,27,11,7,0,0,0,0,0,0,0,,0,47,29,260,8.97,1,0,0,1
Braxton Berrios,MIA,WR,28,16,1,0,0,0,0,0,1,11,11,0,33,27,238,8.81,1,1,0,1
Josh Oliver,MIN,TE,26,17,14,0,0,0,0,0,0,0,,0,28,22,213,9.68,2,1,1,2
Mike Williams,LAC,WR,29,3,3,0,0,0,0,0,1,3,3,0,26,19,249,13.11,1,0,0,1
Matt Breida,NYG,RB,28,17,4,0,0,0,0,0,55,151,2.75,1,21,17,88,5.18,0,1,0,1
Bo Melton,GNB,WR,24,5,1,0,0,0,0,0,3,21,7,0,24,16,218,13.63,1,0,0,1
Alex Erickson,LAC,WR,31,8,3,0,0,0,0,0,0,0,,0,29,16,232,14.5,1,0,0,1
Drew Lock,SEA,QB,27,4,2,48,76,543,3,3,5,14,2.8,0,0,0,0,,0,0,0,0
Andrew Beck,HOU,FB,27,15,12,0,0,0,0,0,5,3,0.6,1,13,11,55,5,2,1,1,4
Jimmy Graham,NOR,TE,37,13,2,0,0,0,0,0,0,0,,0,7,6,39,6.5,4,0,0,4
Scott Miller,ATL,WR,26,17,0,0,0,0,0,0,0,0,,0,16,11,161,14.64,2,0,0,2
Cordarrelle Patterson,ATL,RB,32,14,0,0,0,0,0,0,50,181,3.62,0,12,9,38,4.22,1,1,0,1
Allen Robinson,PIT,WR,30,17,17,0,0,0,0,0,0,0,,0,49,34,280,8.24,0,0,0,0
Drew Sample,CIN,TE,27,17,10,0,0,0,0,0,0,0,,0,27,22,163,7.41,2,0,0,2
Olamide Zaccheaus,PHI,WR,26,17,1,0,0,0,0,0,0,0,,0,20,10,164,16.4,2,0,0,2
Salvon Ahmed,MIA,RB,25,8,0,0,0,0,0,0,22,61,2.77,1,23,16,88,5.5,1,0,0,2
Andrew Ogletree,IND,TE,25,12,9,0,0,0,0,0,0,0,,0,21,9,147,16.33,2,0,0,2
Trevor Siemian,NYJ,QB,32,5,3,86,153,724,2,4,11,40,3.64,0,0,0,0,,0,5,3,0
Jarrett Stidham,DEN,QB,27,3,2,40,66,496,2,1,9,8,0.89,0,0,0,0,,0,1,0,0
Jeff Wilson,MIA,RB,28,10,0,0,0,0,0,0,41,188,4.59,0,17,14,85,6.07,0,0,0,0
Jamal Agnew,JAX,WR,28,11,1,0,0,0,0,0,4,-2,-0.5,0,21,14,225,16.07,1,1,1,1
Daniel Bellinger,NYG,TE,23,17,13,0,0,0,0,0,0,0,,0,28,25,255,10.2,0,0,0,0
Chase Edmonds,TAM,RB,27,13,0,0,0,0,0,0,49,176,3.59,0,17,14,81,5.79,0,0,0,0
Tyler Huntley,BAL,QB,25,5,1,21,37,203,3,0,15,55,3.67,0,0,0,0,,0,0,0,0
Kadarius Toney,KAN,WR,24,13,2,0,1,0,0,0,11,31,2.82,0,38,27,169,6.26,1,1,0,1
Carson Wentz,LAR,QB,31,2,1,17,24,163,2,1,17,56,3.29,1,0,0,0,,0,0,0,1
Ronnie Bell,SFO,WR,23,17,0,0,0,0,0,0,0,0,,0,13,6,68,11.33,3,1,0,3
Pharaoh Brown,NWE,TE,29,17,11,0,0,0,0,0,0,0,,0,15,13,208,16,1,1,1,1
Harrison Bryant,CLE,TE,25,17,9,0,0,0,0,0,5,8,1.6,0,20,13,81,6.23,3,1,1,3
Dalvin Cook,2TM,RB,28,15,1,0,0,0,0,0,67,214,3.19,0,20,15,78,5.2,0,2,2,0
Zach Ertz,ARI,TE,33,7,7,0,0,0,0,0,0,0,,0,43,27,187,6.93,1,0,0,1
Deonte Harty,BUF,WR,26,16,1,0,0,0,0,0,4,0,0,0,21,15,150,10,1,2,1,2
Mack Hollins,ATL,WR,30,13,3,0,0,0,0,0,0,0,,0,30,18,251,13.94,0,0,0,0
D'Ernest Johnson,JAX,RB,27,17,0,0,0,0,0,0,41,108,2.63,0,12,10,140,14,0,0,0,0
Ty Johnson,BUF,RB,26,10,0,0,0,0,0,0,30,132,4.4,0,7,7,62,8.86,1,1,0,1
Julio Jones,PHI,WR,34,11,4,0,0,0,0,0,0,0,,0,19,11,74,6.73,3,0,0,3
Tony Jones,2TM,RB,26,7,1,0,0,0,0,0,26,95,3.65,2,10,7,37,5.29,0,0,0,2
Kyle Juszczyk*+,SFO,FB,32,17,16,0,0,0,0,0,5,6,1.2,0,17,14,119,8.5,2,0,0,2
Foster Moreau,NOR,TE,26,15,10,0,0,0,0,0,0,0,,0,25,21,193,9.19,1,0,0,1
Craig Reynolds,DET,RB,27,17,0,0,0,0,0,0,41,179,4.37,1,5,5,47,9.4,0,2,2,1
Ihmir Smith-Marsette,CAR,WR,24,17,0,0,0,0,0,0,8,74,9.25,1,10,8,51,6.38,0,2,0,2
Treylon Burks,TEN,WR,23,11,9,0,0,0,0,0,5,18,3.6,0,30,16,221,13.81,0,0,0,0
Andy Dalton,CAR,QB,36,3,1,34,58,361,2,0,3,12,4,0,0,0,0,,0,0,0,0
Hayden Hurst,CAR,TE,30,9,8,0,0,0,0,0,0,0,,0,32,18,184,10.22,1,0,0,1
Hunter Renfrow,LVR,WR,28,17,3,0,0,0,0,0,0,0,,0,37,25,255,10.2,0,1,1,0
Jacoby Brissett,WAS,QB,31,3,0,18,23,224,3,0,3,19,6.33,0,0,0,0,,0,0,0,0
Dyami Brown,WAS,WR,24,17,1,1,1,4,0,0,1,0,0,0,23,12,168,14,1,0,0,1
Sam Darnold,SFO,QB,26,10,1,28,46,297,2,1,21,15,0.71,1,0,0,0,,0,3,1,1
Will Dissly,SEA,TE,27,16,14,0,0,0,0,0,0,0,,0,22,17,172,10.12,1,0,0,1
Darrynton Evans,2TM,RB,25,7,0,0,0,0,0,0,32,121,3.78,1,12,7,49,7,0,0,0,1
KhaDarel Hodge,ATL,WR,28,17,4,0,0,0,0,0,1,0,0,0,23,14,232,16.57,0,1,0,0
Austin Hooper,LVR,TE,29,17,9,0,0,0,0,0,0,0,,0,31,25,234,9.36,0,0,0,0
Johnny Mundt,MIN,TE,29,17,0,0,0,0,0,0,0,0,,0,23,17,172,10.12,1,0,0,1
Cedric Tillman,CLE,WR,23,14,3,0,0,0,0,0,1,8,8,0,44,21,224,10.67,0,0,0,0
Parker Washington,JAX,WR,21,9,1,0,0,0,0,0,0,0,,0,21,16,132,8.25,2,2,1,2
Ameer Abdullah,LVR,RB,30,17,0,0,0,0,0,0,15,89,5.93,0,24,19,131,6.89,0,0,0,0
Tank Bigsby,JAX,RB,22,17,0,0,0,0,0,0,50,132,2.64,2,4,1,6,6,0,2,2,2
Elijah Higgins,ARI,TE,23,11,2,0,0,0,0,0,0,0,,0,19,14,163,11.64,1,0,0,1
Jalen Reagor,NWE,WR,24,11,1,0,0,0,0,0,1,17,17,0,23,7,138,19.71,0,0,0,1
Stone Smartt,LAC,TE,25,16,3,0,0,0,0,0,0,0,,0,21,11,155,14.09,1,0,0,1
Dorian Thompson-Robinson,CLE,QB,24,8,3,60,112,440,1,4,14,65,4.64,0,0,0,0,,0,2,0,0
C.J. Beathard,JAX,QB,30,7,1,40,53,349,1,0,8,35,4.38,0,0,0,0,,0,1,0,0
Derius Davis,LAC,WR,23,17,2,0,0,0,0,0,14,101,7.21,0,17,15,66,4.4,0,3,1,1
Van Jefferson,2TM,WR,27,17,9,0,0,0,0,0,1,4,4,0,43,20,209,10.45,0,0,0,0
Will Mallory,IND,TE,24,12,2,0,0,0,0,0,0,0,,0,26,18,207,11.5,0,1,0,0
Jamison Crowder,WAS,WR,30,17,0,0,0,0,0,0,0,0,,0,20,16,159,9.94,1,2,1,1
P.J. Walker,CLE,QB,28,6,2,54,111,674,1,5,13,30,2.31,0,0,0,0,,0,4,2,0
Quez Watkins,PHI,WR,25,9,5,0,0,0,0,0,0,0,,0,21,15,142,9.47,1,0,0,1
Robbie Chosen,MIA,WR,30,9,0,0,0,0,0,0,0,0,,0,6,4,126,31.5,1,0,0,1
Nick Chubb,CLE,RB,28,2,2,0,0,0,0,0,28,170,6.07,0,4,4,21,5.25,0,0,0,0
Malik Heath,GNB,WR,23,13,1,0,0,0,0,0,0,0,,0,24,15,125,8.33,1,0,0,1
Luke Schoonmaker,DAL,TE,25,17,0,0,0,0,0,0,0,0,,0,15,8,65,8.13,2,0,0,2
Tyler Scott,CHI,WR,22,17,4,0,0,0,0,0,7,41,5.86,0,32,17,168,9.88,0,1,1,0
Patrick Taylor,GNB,RB,25,11,0,0,0,0,0,0,32,141,4.41,0,17,11,49,4.45,0,0,0,0
River Cracraft,MIA,WR,29,10,1,0,0,0,0,0,0,0,,0,12,9,121,13.44,1,0,0,1
Kevin Harris,NWE,RB,23,4,0,0,0,0,0,0,16,65,4.06,1,3,3,58,19.33,0,0,0,1
Davis Mills,HOU,QB,25,6,0,18,39,173,2,0,2,9,4.5,0,0,0,0,,0,0,0,0
Deven Thompkins,TAM,WR,24,17,1,0,0,0,0,0,8,56,7,0,25,17,83,4.88,1,3,1,1
Melvin Gordon,BAL,RB,30,4,0,0,0,0,0,0,26,81,3.12,1,3,3,46,15.33,0,1,1,1
Damien Harris,BUF,RB,26,6,0,0,0,0,0,0,23,94,4.09,1,2,2,16,8,0,0,0,1
Connor Heyward,PIT,TE,24,17,7,0,1,0,0,0,1,0,0,0,34,23,167,7.26,0,0,0,0
Ray-Ray McCloud,SFO,WR,27,12,1,0,0,0,0,0,3,30,10,0,15,12,135,11.25,0,1,0,0
MyCole Pruitt,ATL,TE,31,17,8,0,0,0,0,0,0,0,,0,12,9,110,12.22,1,1,0,1
Trey Sermon,IND,RB,24,14,0,0,0,0,0,0,35,160,4.57,0,6,3,13,4.33,0,0,0,0
Davis Allen,LAR,TE,22,15,1,0,0,0,0,0,0,0,,0,11,10,95,9.5,1,0,0,1
Luke Farrell,JAX,TE,26,17,8,0,0,0,0,0,0,0,,0,15,13,155,11.92,0,0,0,0
Lucas Krull,DEN,TE,25,7,2,0,0,0,0,0,0,0,,0,14,8,95,11.88,1,0,0,1
John Metchie,HOU,WR,23,16,0,0,0,0,0,0,1,4,4,0,30,16,158,9.88,0,0,0,0
Donovan Peoples-Jones,2TM,WR,24,15,6,0,0,0,0,0,0,0,,0,25,13,155,11.92,0,1,0,0
Kyle Philips,TEN,WR,24,9,0,0,0,0,0,0,0,0,,0,22,15,181,12.07,0,1,1,0
Irv Smith Jr.,CIN,TE,25,12,6,0,0,0,0,0,0,0,,0,26,18,115,6.39,1,1,1,1
John Bates,WAS,TE,26,17,4,0,0,0,0,0,0,0,,0,28,19,151,7.95,0,0,0,0
Jalen Guyton,LAC,WR,26,8,3,0,0,0,0,0,0,0,,0,21,10,89,8.9,1,0,0,1
Charlie Kolar,BAL,TE,24,15,3,0,0,0,0,0,0,0,,0,9,7,87,12.43,1,0,0,1
David Moore,TAM,WR,28,7,0,0,0,0,0,0,0,0,,0,7,5,94,18.8,1,0,0,1
Ronnie Rivers,LAR,RB,24,9,1,0,0,0,0,0,32,129,4.03,0,5,5,22,4.4,0,0,0,0
Jeremy Ruckert,NYJ,TE,23,15,6,0,0,0,0,0,0,0,,0,22,16,151,9.44,0,0,0,0
Trent Sherfield,BUF,WR,27,17,1,0,0,0,0,0,0,0,,0,22,11,86,7.82,1,0,0,1
Josh Whyle,TEN,TE,24,11,3,0,0,0,0,0,0,0,,0,15,9,94,10.44,1,0,0,1
Brock Wright,DET,TE,25,14,4,0,0,0,0,0,0,0,,0,14,13,91,7,1,0,0,1
Chase Claypool,2TM,WR,25,12,2,0,0,0,0,0,0,0,,0,21,8,77,9.63,1,0,0,1
Jeff Driskel,CLE,QB,30,1,1,13,26,166,2,2,7,33,4.71,0,0,0,0,,0,0,0,0
Xavier Hutchinson,HOU,WR,23,16,0,0,0,0,0,0,5,49,9.8,0,19,8,90,11.25,0,0,0,0
Charlie Jones,CIN,WR,25,11,0,0,0,0,0,0,2,13,6.5,0,9,7,64,9.14,0,0,0,1
Terrace Marshall Jr.,CAR,WR,23,9,4,0,0,0,0,0,0,0,,0,33,19,139,7.32,0,1,0,0
Byron Pringle,WAS,WR,30,17,1,0,0,0,0,0,0,0,,0,22,14,161,11.5,0,1,1,0
Ben Skowronek,LAR,WR,26,17,0,0,0,0,0,0,2,9,4.5,0,12,8,66,8.25,1,0,0,1
Tyquan Thornton,NWE,WR,23,9,3,0,0,0,0,0,3,51,17,0,23,13,91,7,0,0,0,0
Jordan Akins,CLE,TE,31,17,4,0,0,0,0,0,0,0,,0,23,15,132,8.8,0,0,0,0
Isaiah Spiller,LAC,RB,22,9,0,0,0,0,0,0,37,96,2.59,0,6,6,34,5.67,0,0,0,0
Stephen Sullivan,CAR,TE,27,11,0,0,0,0,0,0,0,0,,0,24,12,125,10.42,0,0,0,0
Lynn Bowden Jr.,NOR,WR,26,15,3,0,0,0,0,0,5,32,6.4,0,16,11,83,7.55,0,1,0,0
Jason Brownlee,NYJ,WR,24,7,5,0,0,0,0,0,0,0,,0,8,5,56,11.2,1,0,0,1
Randall Cobb,NYJ,WR,33,11,1,0,0,0,0,0,0,0,,0,17,5,39,7.8,1,0,0,1
Tyler Goodson,IND,RB,23,6,1,0,0,0,0,0,13,87,6.69,0,9,6,34,5.67,0,0,0,0
Alec Ingold*,MIA,FB,27,17,13,0,0,0,0,0,2,0,0,0,16,13,119,9.15,0,0,0,0
Marcus Mariota,PHI,QB,30,3,0,15,23,164,1,1,8,52,6.5,0,0,0,0,,0,1,1,0
D.J. Montgomery,IND,WR,27,7,0,0,0,0,0,0,0,0,,0,8,3,56,18.67,1,0,0,1
Boston Scott,PHI,RB,28,15,0,0,0,0,0,0,20,86,4.3,0,6,4,52,13,0,1,1,0
Laviska Shenault Jr.,CAR,WR,25,8,0,0,0,0,0,0,12,55,4.58,0,10,10,60,6,0,1,0,0
Cole Turner,WAS,TE,23,12,1,0,0,0,0,0,0,0,,0,15,11,120,10.91,0,0,0,0
C.J. Uzomah,NYJ,TE,30,12,8,0,0,0,0,0,0,0,,0,12,8,58,7.25,1,0,0,1
Jameis Winston,NOR,QB,29,7,0,25,47,264,2,3,5,-6,-1.2,0,0,0,0,,0,0,0,0
Raheem Blackshear,CAR,RB,24,12,0,0,0,0,0,0,14,46,3.29,0,7,6,45,7.5,0,0,0,0
Brandon Bolden,LVR,RB,33,17,0,0,0,0,0,0,4,31,7.75,1,0,0,0,,0,0,0,1
Tim Boyle,NYJ,QB,29,3,2,48,77,360,1,4,4,5,1.25,0,0,0,0,,0,2,0,0
Chris Brooks,MIA,RB,23,9,0,0,0,0,0,0,19,106,5.58,0,0,0,0,,0,0,0,0
Mecole Hardman,2TM,WR,25,11,2,0,0,0,0,0,1,3,3,0,24,15,124,8.27,0,1,1,0
La'Mical Perine,KAN,RB,25,3,1,0,0,0,0,0,22,77,3.5,0,5,3,33,11,0,0,0,0
Patrick Ricard,BAL,FB,29,17,9,0,0,0,0,0,0,0,,0,7,5,52,10.4,1,0,0,1
Robert Tonyan,CHI,TE,29,17,6,0,0,0,0,0,0,0,,0,17,11,112,10.18,0,0,0,0
Emanuel Wilson,GNB,RB,24,7,0,0,0,0,0,0,14,85,6.07,0,5,4,23,5.75,0,1,0,0
Lawrence Cager,NYG,TE,26,11,0,0,0,0,0,0,0,0,,0,5,4,36,9,1,0,0,1
Parris Campbell,NYG,WR,26,12,3,0,0,0,0,0,0,0,,0,27,20,104,5.2,0,0,0,0
J.K. Dobbins,BAL,RB,25,1,1,0,0,0,0,0,8,22,2.75,1,3,2,15,7.5,0,0,0,1
Marquise Goodwin,CLE,WR,33,12,0,0,0,0,0,0,4,33,8.25,0,13,4,67,16.75,0,0,0,0
Keaontay Ingram,ARI,RB,24,8,1,0,0,0,0,0,35,74,2.11,0,4,4,26,6.5,0,0,0,0
Case Keenum,HOU,QB,35,2,2,34,53,291,1,3,2,1,0.5,0,0,0,0,,0,1,0,0
Keith Kirkwood,NOR,WR,29,13,4,0,0,0,0,0,0,0,,0,9,5,37,7.4,1,0,0,1
Hunter Luepke,DAL,RB,23,17,0,0,0,0,0,0,6,19,3.17,1,4,3,18,6,0,0,0,1
Sterling Shepard,NYG,WR,30,15,2,0,0,0,0,0,1,6,6,0,22,10,57,5.7,1,1,1,1
Brenton Strange,JAX,TE,23,14,4,0,0,0,0,0,0,0,,0,9,5,35,7,1,0,0,1
Israel Abanikanda,NYJ,RB,21,6,0,0,0,0,0,0,22,70,3.18,0,11,7,43,6.14,0,1,1,0
Nick Bawden,NYJ,FB,27,16,2,0,0,0,0,0,2,4,2,1,3,3,21,7,0,0,0,1
Richie James,KAN,WR,28,9,1,0,0,0,0,0,0,0,,0,14,10,114,11.4,0,2,1,0
Marcedes Lewis,CHI,TE,39,17,4,0,0,0,0,0,0,0,,0,5,4,29,7.25,1,0,0,1
Quintin Morris,BUF,TE,24,15,0,0,0,0,0,0,0,0,,0,3,2,26,13,1,0,0,1
Geoff Swaim,ARI,TE,30,14,8,0,0,0,0,0,0,0,,0,11,10,94,9.4,0,0,0,0
Brycen Hopkins,LAR,TE,26,15,0,0,0,0,0,0,0,0,,0,7,5,78,15.6,0,0,0,0
Tim Jones,JAX,WR,25,17,2,0,0,0,0,0,0,0,,0,18,11,83,7.55,0,0,0,0
Dare Ogunbowale,HOU,RB,29,12,0,0,0,0,0,0,8,35,4.38,0,7,2,18,9,0,0,0,0
Ben Sims,GNB,TE,23,17,1,0,0,0,0,0,0,0,,0,6,4,21,5.25,1,0,0,1
Samori Toure,GNB,WR,25,11,0,0,0,0,0,0,0,0,,0,18,8,78,9.75,0,1,1,0
Deuce Vaughn,DAL,RB,22,7,0,0,0,0,0,0,23,40,1.74,0,7,7,40,5.71,0,0,0,0
Trayveon Williams,CIN,RB,26,17,0,0,0,0,0,0,15,69,4.6,0,9,7,10,1.43,0,0,0,0
Blake Bell,KAN,TE,32,17,3,0,0,0,0,0,0,0,,0,9,5,26,5.2,1,1,1,1
Gary Brightwell,NYG,RB,24,7,0,0,0,0,0,0,9,19,2.11,0,7,5,47,9.4,0,0,0,0
Chris Conley,SFO,WR,31,8,0,0,0,0,0,0,0,0,,0,6,3,69,23,0,0,0,0
Josiah Deguara,GNB,TE,26,15,4,0,0,0,0,0,0,0,,0,8,8,65,8.13,0,0,0,0
Simi Fehoko,LAC,WR,26,6,0,0,0,0,0,0,0,0,,0,2,1,9,9,1,0,0,1
Eric Gray,NYG,RB,24,13,0,0,0,0,0,0,17,48,2.82,0,7,6,22,3.67,0,3,0,0
Tyler Johnson,LAR,WR,25,1,0,0,0,0,0,0,0,0,,0,3,2,8,4,1,0,0,1
Velus Jones Jr.,CHI,WR,26,14,0,0,0,0,0,0,8,51,6.38,0,7,4,20,5,0,0,0,0
Clayton Tune,ARI,QB,24,7,1,12,21,62,0,2,8,30,3.75,1,0,0,0,,0,2,1,1
Tylan Wallace,BAL,WR,24,11,0,0,0,0,0,0,0,0,,0,2,1,11,11,0,0,0,1
Jalen Brooks,DAL,WR,23,7,0,0,0,0,0,0,0,0,,0,6,6,64,10.67,0,0,0,0
DeAndre Carter,LVR,WR,30,17,1,0,0,0,0,0,3,18,6,0,7,4,39,9.75,0,2,0,0
Payne Durham,TAM,TE,23,13,2,0,0,0,0,0,0,0,,0,7,5,58,11.6,0,0,0,0
Blaine Gabbert,KAN,QB,34,2,1,18,35,185,0,3,7,45,6.43,0,0,0,0,,0,0,0,0
Rakim Jarrett,TAM,WR,22,10,0,0,0,0,0,0,1,0,0,0,9,4,60,15,0,0,0,0
Ko Kieft,TAM,TE,25,16,6,0,0,0,0,0,0,0,,0,5,1,2,2,1,0,0,1
Isaiah McKenzie,IND,WR,28,13,2,0,0,0,0,0,3,14,4.67,0,14,11,82,7.45,0,3,2,0
Equanimeous St. Brown,CHI,WR,27,7,2,0,0,0,0,0,0,0,,0,6,5,62,12.4,0,0,0,0
Ian Thomas,CAR,TE,27,12,5,0,0,0,0,0,0,0,,0,9,5,56,11.2,0,0,0,0
Darnell Washington,PIT,TE,22,17,7,0,0,0,0,0,0,0,,0,10,7,61,8.71,0,0,0,0
Mitchell Wilcox,CIN,TE,27,17,4,0,0,0,0,0,0,0,,0,12,9,56,6.22,0,0,0,0
Damien Williams,ARI,RB,31,3,0,0,0,0,0,0,11,43,3.91,0,2,2,12,6,0,0,0,0
Brian Hoyer,LVR,QB,38,3,1,23,42,231,0,2,3,-3,-1,0,0,0,0,,0,0,0,0
Ty Montgomery,NWE,WR,30,13,0,0,0,0,0,0,3,9,3,0,12,5,40,8,0,0,0,0
Justyn Ross,KAN,WR,24,10,1,0,0,0,0,0,0,0,,0,11,6,53,8.83,0,0,0,0
Brett Rypien,LAR,QB,27,2,1,18,38,172,0,1,3,19,6.33,0,0,0,0,,0,2,1,0
Mike Strachan,CAR,WR,26,4,1,0,0,0,0,0,0,0,,0,3,1,45,45,0,0,0,0
Michael Burton,DEN,FB,31,17,3,0,0,0,0,0,7,9,1.29,0,3,3,8,2.67,0,0,0,0
Grant Calcaterra,PHI,TE,25,15,1,0,0,0,0,0,0,0,,0,4,4,39,9.75,0,0,0,0
Elijah Cooks,JAX,WR,25,9,0,0,0,0,0,0,0,0,,0,4,3,38,12.67,0,0,0,0
Britain Covey,PHI,WR,26,16,0,0,0,0,0,0,0,0,,0,6,4,42,10.5,0,2,0,0
Leonard Fournette,BUF,RB,28,2,0,0,0,0,0,0,12,40,3.33,0,0,0,0,,0,0,0,0
Peyton Hendershot,DAL,TE,24,8,1,0,0,0,0,0,1,0,0,0,7,4,38,9.5,0,0,0,0
Rashaad Penny,PHI,RB,27,3,0,0,0,0,0,0,11,33,3,0,1,1,5,5,0,0,0,0
Jack Stoll,PHI,TE,25,17,10,0,0,0,0,0,0,0,,0,8,5,38,7.6,0,0,0,0
Ke'Shawn Vaughn,TAM,RB,26,6,0,0,0,0,0,0,24,42,1.75,0,5,2,2,1,0,0,0,0
Khari Blasingame,CHI,FB,27,16,2,0,0,0,0,0,8,26,3.25,0,6,3,2,0.67,0,0,0,0
Keelan Doss,LAC,WR,27,5,0,0,0,0,0,0,0,0,,0,13,6,33,5.5,0,0,0,0
Greg Dulcich,DEN,TE,23,2,1,0,0,0,0,0,0,0,,0,4,3,25,8.33,0,0,0,0
Devin Duvernay,BAL,WR,26,13,1,0,0,0,0,0,4,15,3.75,0,9,4,18,4.5,0,0,0,0
Derrick Gore,WAS,RB,29,6,0,0,0,0,0,0,3,26,8.67,0,0,0,0,,0,0,0,0
C.J. Ham*,MIN,FB,30,17,5,0,0,0,0,0,1,7,7,0,9,7,25,3.57,0,0,0,0
Julian Hill,MIA,TE,23,15,4,0,0,0,0,0,0,0,,0,9,6,48,8,0,1,1,0
Trishton Jackson,MIN,WR,25,7,0,0,0,0,0,0,0,0,,0,4,2,9,4.5,0,0,0,0
James Mitchell,DET,TE,24,15,1,0,0,0,0,0,0,0,,0,2,2,28,14,0,0,0,0
Jalen Nailor,MIN,WR,24,6,1,0,0,0,0,0,0,0,,0,6,3,29,9.67,0,0,0,0
Teagan Quitoriano,HOU,TE,23,7,5,0,0,0,0,0,0,0,,0,3,2,33,16.5,0,0,0,0
Cooper Rush,DAL,QB,30,7,0,18,24,144,0,1,12,-5,-0.42,0,0,0,0,,0,0,0,0
Steven Sims,HOU,WR,26,3,0,0,0,0,0,0,1,1,1,0,3,3,25,8.33,0,0,0,0
Keith Smith,ATL,FB,31,13,6,0,0,0,0,0,0,0,,0,3,3,33,11,0,0,0,0
Sean Tucker,TAM,RB,22,11,0,0,0,0,0,0,15,23,1.53,0,2,2,9,4.5,0,0,0,0
Malik Willis,TEN,QB,24,3,0,4,5,74,0,0,5,21,4.2,0,0,0,0,,0,1,1,0
Charlie Woerner,SFO,TE,26,17,2,0,0,0,0,0,0,0,,0,3,3,32,10.67,0,0,0,0
Kenny Yeboah,NYJ,TE,25,5,1,0,0,0,0,0,0,0,,0,4,2,28,14,0,0,0,0
Nate Adkins,DEN,TE,24,10,1,0,0,0,0,0,0,0,,0,5,4,22,5.5,0,0,0,0
Kayshon Boutte,NWE,WR,21,5,0,0,0,0,0,0,0,0,,0,7,2,19,9.5,0,0,0,0
Miles Boykin,PIT,WR,27,17,0,0,0,0,0,0,0,0,,0,4,3,17,5.67,0,0,0,0
DeeJay Dallas,SEA,RB,25,17,0,0,0,0,0,0,10,36,3.6,0,9,6,26,4.33,0,2,2,0
Tyrion Davis-Price,SFO,RB,23,1,0,0,0,0,0,0,6,21,3.5,0,0,0,0,,0,0,0,0
Elijah Dotson,LAC,RB,24,4,0,0,0,0,0,0,4,6,1.5,0,2,2,13,6.5,0,0,0,0
Zach Evans,LAR,RB,22,10,0,0,0,0,0,0,9,19,2.11,0,0,0,0,,0,0,0,0
Erik Ezukanma,MIA,WR,23,2,0,0,0,0,0,0,5,22,4.4,0,1,0,0,,0,0,0,0
Jake Funk,IND,RB,25,4,0,0,0,0,0,0,2,10,5,0,1,1,12,12,0,0,0,0
Jaren Hall,MIN,QB,25,3,2,13,20,168,0,1,6,14,2.33,0,0,0,0,,0,2,2,0
Marvin Jones,DET,WR,33,6,4,0,0,0,0,0,0,0,,0,10,5,35,7,0,1,1,0
Zonovan Knight,DET,RB,22,2,0,0,0,0,0,0,3,13,4.33,0,1,1,8,8,0,0,0,0
Chris Manhertz,DEN,TE,31,16,4,0,0,0,0,0,0,0,,0,4,2,16,8,0,0,0,0
Nick Muse,MIN,TE,25,2,0,0,0,0,0,0,0,0,,0,1,1,22,22,0,0,0,0
Gunner Olszewski,2TM,WR,27,12,0,0,0,0,0,0,0,0,,0,1,1,0,0,0,4,2,1
Zach Pascal,ARI,WR,29,14,1,0,0,0,0,0,0,0,,0,15,4,19,4.75,0,0,0,0
Laquon Treadwell,BAL,WR,28,5,1,0,0,0,0,0,0,0,,0,3,1,16,16,0,0,0,0
Trevon Wesco,TEN,TE,28,15,10,0,0,0,0,0,0,0,,0,3,1,21,21,0,0,0,0
Mike White,MIA,QB,28,6,0,5,6,74,1,1,8,-9,-1.13,0,0,0,0,,0,1,1,0
Alex Armah,WAS,RB,29,8,0,0,0,0,0,0,0,0,,0,3,3,13,4.33,0,0,0,0
Sean Clifford,GNB,QB,25,2,0,1,1,37,0,0,3,-2,-0.67,0,0,0,0,,0,1,0,0
Jashaun Corbin,NYG,RB,23,6,0,0,0,0,0,0,1,1,1,0,3,3,12,4,0,0,0,0
Kenyan Drake,2TM,RB,29,3,0,0,0,0,0,0,2,0,0,0,3,2,31,15.5,0,1,1,0
Ross Dwelley,SFO,TE,28,12,0,0,0,0,0,0,0,0,,0,2,1,12,12,0,0,0,0
D'Wayne Eskridge,SEA,WR,26,4,0,0,0,0,0,0,2,5,2.5,0,1,0,0,,0,0,0,0
Chris Evans,CIN,RB,26,8,0,0,0,0,0,0,2,12,6,0,1,1,-1,-1,0,0,0,0
Tucker Fisk,ATL,TE,24,6,2,0,0,0,0,0,0,0,,0,1,1,9,9,0,0,0,0
John FitzPatrick,ATL,TE,23,9,0,0,0,0,0,0,0,0,,0,1,1,12,12,0,0,0,0
Cole Fotheringham,LVR,TE,26,2,0,0,0,0,0,0,0,0,,0,1,1,6,6,0,0,0,0
Evan Hull,IND,RB,23,1,0,0,0,0,0,0,1,1,1,0,1,1,6,6,0,0,0,0
Collin Johnson,CHI,WR,26,3,0,0,0,0,0,0,0,0,,0,1,1,11,11,0,0,0,0
Jakob Johnson,LVR,FB,29,13,5,0,0,0,0,0,0,0,,0,2,1,12,12,0,0,0,0
Mason Kinsey,TEN,WR,25,6,0,0,0,0,0,0,0,0,,0,1,1,6,6,0,0,0,0
A.J. McCarron,CIN,QB,33,2,0,4,5,19,0,0,0,0,,0,0,0,0,,0,0,0,0
Anthony McFarland Jr.,PIT,RB,25,3,0,0,0,0,0,0,0,0,,0,2,2,11,5.5,0,0,0,0
Kene Nwangwu,MIN,RB,25,9,0,0,0,0,0,0,5,13,2.6,0,0,0,0,,0,0,0,0
Devine Ozigbo,DET,RB,27,3,0,0,0,0,0,0,3,5,1.67,0,1,1,8,8,0,0,0,0
Kevin Rader,TEN,TE,28,14,0,0,0,0,0,0,0,0,,0,3,1,6,6,0,0,0,0
Eric Saubert,2TM,TE,29,10,1,0,0,0,0,0,0,0,,0,3,3,12,4,0,0,0,0
Willie Snead,SFO,WR,31,4,0,0,0,0,0,0,0,0,,0,3,2,14,7,0,0,0,0
Malik Taylor,NYJ,WR,28,3,0,0,0,0,0,0,0,0,,0,4,2,13,6.5,0,0,0,0
Cody Thompson,SEA,WR,27,7,0,0,0,0,0,0,0,0,,0,1,1,10,10,0,0,0,0
Austin Trammell,LAR,WR,25,16,0,0,0,0,0,0,0,0,,0,7,4,29,7.25,0,3,1,0
Jonathan Ward,TEN,RB,26,7,0,0,0,0,0,0,3,11,3.67,0,0,0,0,,0,0,0,0
Devon Allen,PHI,WR,29,2,0,0,0,0,0,0,0,0,,0,0,0,0,,0,0,0,0
Stephen Anderson,LAC,TE,30,3,0,0,0,0,0,0,0,0,,0,0,0,0,,0,0,0,0
Andre Baccellia,ARI,WR,26,5,0,0,0,0,0,0,0,0,,0,0,0,0,,0,0,0,0
Michael Bandy,DEN,WR,26,1,0,0,0,0,0,0,0,0,,0,0,0,0,,0,0,0,0
Matt Barkley,JAX,QB,33,1,0,0,0,0,0,0,3,-3,-1,0,0,0,0,,0,0,0,0
Nick Bellore*,SEA,FB,34,16,0,0,0,0,0,0,0,0,,0,0,0,0,,0,0,0,0
Chris Blair,ATL,WR,26,1,0,0,0,0,0,0,0,0,,0,0,0,0,,0,0,0,0
Teddy Bridgewater,DET,QB,31,1,0,0,0,0,0,0,2,-2,-1,0,0,0,0,,0,0,0,0
Matt Bushman,KAN,TE,28,1,0,0,0,0,0,0,0,0,,0,0,0,0,,0,0,0,0
Terrell Bynum,LAC,WR,25,1,0,0,0,0,0,0,0,0,,0,0,0,0,,0,0,0,0
Damiere Byrd,ATL,WR,30,1,0,0,0,0,0,0,0,0,,0,2,0,0,,0,0,0,0
Jason Cabinda,DET,FB,27,4,0,0,0,0,0,0,1,0,0,0,0,0,0,,0,0,0,0
Marquez Callaway,NOR,WR,25,3,0,0,0,0,0,0,0,0,,0,0,0,0,,0,0,0,0
Stephen Carlson,CHI,TE,27,1,0,0,0,0,0,0,0,0,,0,0,0,0,,0,0,0,0
Irvin Charles,NYJ,WR,26,12,0,0,0,0,0,0,0,0,,0,1,0,0,,0,0,0,0
Julius Chestnut,TEN,RB,23,3,0,0,0,0,0,0,0,0,,0,0,0,0,,0,0,0,0
Dan Chisena,2TM,WR,26,4,0,0,0,0,0,0,0,0,,0,0,0,0,,0,0,0,0
Corey Clement,ARI,RB,29,3,0,0,0,0,0,0,0,0,,0,0,0,0,,0,0,0,0
Tanner Conner,MIA,TE,25,3,0,0,0,0,0,0,0,0,,0,0,0,0,,0,0,0,0
Malik Cunningham,2TM,QB,25,2,0,0,0,0,0,0,0,0,,0,0,0,0,,0,0,0,0
Darrell Daniels,DET,TE,29,3,0,0,0,0,0,0,0,0,,0,0,0,0,,0,0,0,0
Frank Darby,ATL,WR,26,1,0,0,0,0,0,0,0,0,,0,0,0,0,,0,0,0,0
Jaelon Darden,CLE,WR,24,1,0,0,0,0,0,0,0,0,,0,0,0,0,,0,0,0,0
Malik Davis,DAL,RB,25,3,0,0,0,0,0,0,0,0,,0,0,0,0,,0,0,0,0
Phillip Dorsett,DEN,WR,30,2,1,0,0,0,0,0,0,0,,0,3,0,0,,0,0,0,0
Colton Dowell,TEN,WR,24,10,1,0,0,0,0,0,0,0,,0,2,1,3,3,0,0,0,0
Dylan Drummond,DET,WR,23,1,0,0,0,0,0,0,0,0,,0,0,0,0,,0,0,0,0
Sam Ehlinger,IND,QB,25,1,0,0,0,0,0,0,0,0,,0,0,0,0,,0,0,0,0
Princeton Fant,DAL,TE,24,2,0,0,0,0,0,0,0,0,,0,0,0,0,,0,0,0,0
Ethan Fernea,IND,WR,25,3,0,0,0,0,0,0,0,0,,0,0,0,0,,0,0,0,0
Anthony Firkser,DET,TE,28,2,0,0,0,0,0,0,0,0,,0,0,0,0,,0,0,0,0
Dez Fitzpatrick,PIT,WR,26,1,0,0,0,0,0,0,0,0,,0,0,0,0,,0,0,0,0
Myles Gaskin,2TM,RB,26,3,0,0,0,0,0,0,0,0,,0,0,0,0,,0,0,0,0
Zach Gentry,LVR,TE,27,1,0,0,0,0,0,0,0,0,,0,0,0,0,,0,0,0,0
Reggie Gilliam,BUF,FB,26,17,0,0,0,0,0,0,0,0,,0,1,1,3,3,0,0,0,0
Antoine Green,DET,WR,24,9,0,0,0,0,0,0,0,0,,0,2,1,2,2,0,0,0,0
Jacob Harris,JAX,WR,26,2,0,0,0,0,0,0,0,0,,0,0,0,0,,0,0,0,0
N'Keal Harry,MIN,WR,26,9,0,0,0,0,0,0,0,0,,0,0,0,0,,0,0,0,0
Jamycal Hasty,2TM,RB,27,5,0,0,0,0,0,0,0,0,,0,2,0,0,,0,0,0,0
Parker Hesse,ATL,TE,28,3,0,0,0,0,0,0,0,0,,0,0,0,0,,0,0,0,0
J.P. Holtz,NOR,TE,30,1,0,0,0,0,0,0,0,0,,0,0,0,0,,0,0,0,0
Travis Homer,CHI,RB,25,16,0,0,0,0,0,0,0,0,,0,1,0,0,,0,0,0,0
Jesper Horsted,LVR,TE,26,13,0,0,0,0,0,0,0,0,,0,1,1,4,4,0,0,0,0
Mohamed Ibrahim,DET,RB,25,1,0,0,0,0,0,0,0,0,,0,0,0,0,,0,0,0,0
Godwin Igwebuike,2TM,RB,29,12,0,0,0,0,0,0,0,0,,0,0,0,0,,0,0,0,0
Andy Isabella,BUF,WR,27,2,0,0,0,0,0,0,0,0,,0,0,0,0,,0,0,0,0
Kearis Jackson,TEN,WR,24,2,0,0,0,0,0,0,0,0,,0,0,0,0,,0,0,0,0
Lucky Jackson,MIN,WR,26,3,0,0,0,0,0,0,0,0,,0,0,0,0,,0,0,0,0
Shedrick Jackson,CIN,WR,24,5,0,0,0,0,0,0,0,0,,0,1,0,0,,0,0,0,0
Tyree Jackson,NYG,TE,26,2,1,0,0,0,0,0,0,0,,0,0,0,0,,0,0,0,0
Johnny Johnson,HOU,WR,24,1,0,0,0,0,0,0,0,0,,0,0,0,0,,0,0,0,0
Hunter Kampmoyer,LAC,TE,25,1,0,0,0,0,0,0,0,0,,0,0,0,0,,0,0,0,0
Dalton Keene,HOU,TE,24,1,0,0,0,0,0,0,0,0,,0,0,0,0,,0,0,0,0
Tyler Kroft,MIA,TE,31,8,0,0,0,0,0,0,0,0,,0,0,0,0,,0,0,0,0
Zack Kuntz,NYJ,TE,24,1,0,0,0,0,0,0,0,0,,0,0,0,0,,0,0,0,0
Kwamie Lassiter II,CIN,WR,25,1,0,0,0,0,0,0,0,0,,0,1,1,2,2,0,0,0,0
Hunter Long,LAR,TE,25,4,1,0,0,0,0,0,0,0,,0,0,0,0,,0,0,0,0
Tay Martin,SFO,WR,26,1,0,0,0,0,0,0,0,0,,0,0,0,0,,0,0,0,0
Ben Mason,BAL,FB,24,1,0,0,0,0,0,0,0,0,,0,0,0,0,,0,0,0,0
Jordan Matthews,CAR,TE,31,1,0,0,0,0,0,0,0,0,,0,0,0,0,,0,0,0,0
Kenny McIntosh,SEA,RB,23,3,0,0,0,0,0,0,0,0,,0,0,0,0,,0,0,0,0
Sean McKeon,DAL,TE,26,9,0,0,0,0,0,0,0,0,,0,2,0,0,,0,0,0,0
Tre' McKitty,LAC,TE,24,6,0,0,0,0,0,0,0,0,,0,0,0,0,,0,0,0,0
Jeremy McNichols,SFO,RB,28,3,0,0,0,0,0,0,0,0,,0,0,0,0,,0,0,0,0
Kirk Merritt,NOR,WR,26,1,0,0,0,0,0,0,0,0,,0,0,0,0,,0,0,0,0
Ryan Miller,TAM,WR,23,1,0,0,0,0,0,0,0,0,,0,0,0,0,,0,0,0,0
Jordan Mims,NOR,RB,24,2,0,0,0,0,0,0,0,0,,0,2,0,0,,0,0,0,0
Stanley Morgan Jr.,CIN,WR,27,3,0,0,0,0,0,0,0,0,,0,0,0,0,,0,0,0,0
Albert Okwuegbunam,PHI,TE,25,4,0,0,0,0,0,0,0,0,,0,1,0,0,,0,0,0,0
Qadree Ollison,PIT,RB,27,2,0,0,0,0,0,0,0,0,,0,0,0,0,,0,0,0,0
Henry Pearson,GNB,FB,24,2,0,0,0,0,0,0,0,0,,0,0,0,0,,0,0,0,0
Josh Pederson,JAX,TE,26,3,0,0,0,0,0,0,0,0,,0,0,0,0,,0,0,0,0
Nathan Peterman,CHI,QB,29,2,0,0,0,0,0,0,2,-4,-2,0,0,0,0,,0,1,0,0
Adam Prentice,NOR,FB,26,13,1,0,0,0,0,0,2,12,6,0,3,2,12,6,0,1,1,0
Deneric Prince,KAN,RB,23,2,0,0,0,0,0,0,0,0,,0,0,0,0,,0,0,0,0
Giovanni Ricci,CAR,FB,27,5,0,0,0,0,0,0,0,0,,0,1,1,2,2,0,0,0,0
James Robinson,GNB,RB,25,1,0,0,0,0,0,0,1,2,2,0,1,1,-2,-2,0,0,0,0
Aaron Rodgers,NYJ,QB,40,1,1,0,1,0,0,0,0,0,,0,0,0,0,,0,0,0,0
Amari Rodgers,IND,WR,24,3,0,0,0,0,0,0,0,0,,0,2,0,0,,0,0,0,0
Brady Russell,SEA,TE,25,15,0,0,0,0,0,0,0,0,,0,0,0,0,,0,0,0,0
David Sills,DEN,WR,27,3,1,0,0,0,0,0,0,0,,0,0,0,0,,0,0,0,0
Matthew Slater,NWE,WR,38,16,0,0,0,0,0,0,0,0,,0,0,0,0,,0,0,0,0
Tre'Quan Smith,DEN,WR,27,1,0,0,0,0,0,0,0,0,,0,0,0,0,,0,0,0,0
Matt Sokol,NWE,TE,28,3,1,0,0,0,0,0,0,0,,0,0,0,0,,0,0,0,0
SaRodorick Thompson,SEA,RB,24,1,0,0,0,0,0,0,0,0,,0,0,0,0,,0,0,0,0
Mitchell Tinsley,WAS,WR,24,2,0,0,0,0,0,0,0,0,,0,0,0,0,,0,0,0,0
Noah Togiai,PHI,TE,26,1,0,0,0,0,0,0,0,0,,0,0,0,0,,0,0,0,0
Kyle Trask,TAM,QB,25,2,0,0,1,0,0,0,1,-1,-1,0,0,0,0,,0,0,0,0
DJ Turner,LVR,WR,26,10,0,0,0,0,0,0,0,0,,0,0,0,0,,0,0,0,0
Xazavian Valladay,NYJ,RB,25,1,0,0,0,0,0,0,0,0,,0,0,0,0,,0,0,0,0
Nick Vannett,LAC,TE,30,8,5,0,0,0,0,0,0,0,,0,1,1,3,3,0,0,0,0
Travis Vokolek,ARI,TE,25,2,0,0,0,0,0,0,0,0,,0,0,0,0,,0,0,0,0
Dwayne Washington,DEN,RB,29,13,0,0,0,0,0,0,0,0,,0,0,0,0,,0,0,0,0
Montrell Washington,KAN,WR,24,6,0,0,0,0,0,0,0,0,,0,0,0,0,,0,2,0,0
Blake Whiteheart,ARI,TE,23,2,0,0,0,0,0,0,0,0,,0,0,0,0,,0,0,0,0
Kristian Wilkerson,LVR,WR,26,2,1,0,0,0,0,0,0,0,,0,0,0,0,,0,0,0,0
Brayden Willis,SFO,TE,24,7,0,0,0,0,0,0,0,0,,0,0,0,0,,0,0,0,0
Jonathan Williams,WAS,RB,29,1,0,0,0,0,0,0,1,-2,-2,0,1,0,0,,0,0,0,0
Rodney Williams,PIT,TE,25,13,0,0,0,0,0,0,0,0,,0,2,0,0,,0,0,0,0
Juwann Winfree,IND,WR,27,8,1,0,0,0,0,0,0,0,,0,1,0,0,,0,0,0,0
Easop Winston,SEA,WR,27,1,0,0,0,0,0,0,0,0,,0,0,0,0,,0,0,0,0
Logan Woodside,ATL,QB,28,1,0,3,4,27,0,1,1,6,6,0,0,0,0,,0,0,0,0
Owen Wright,BAL,RB,24,1,0,0,0,0,0,0,0,0,,0,0,0,0,,0,0,0,0
Dareke Young,SEA,WR,24,6,0,0,0,0,0,0,0,0,,0,0,0,0,,0,0,0,0
Kyle Allen,BUF,QB,27,7,0,0,0,0,0,0,13,-13,-1,0,0,0,0,,0,0,0,0
Deon Jackson,3TM,RB,24,4,1,0,0,0,0,0,14,16,1.14,0,6,5,14,2.8,0,2,2,0
David Wells,TAM,TE,28,5,0,0,0,0,0,0,0,0,,0,2,2,-10,-5,0,1,0,0
James Proche,CLE,WR,27,10,1,0,0,0,0,0,0,0,,0,5,0,0,,0,1,1,0
Trent Taylor,CHI,WR,29,17,0,0,0,0,0,0,1,-2,-2,0,2,0,0,,0,2,1,0